{"cameraMode":{"drawMode":0,"name":"Shaded","section":"Shading Mode"},"sceneLighting":true,"audioPlay":false,"sceneViewState":{"showFog":true,"showMaterialUpdate":false,"showSkybox":true,"showFlares":true,"showImageEffects":true,"showParticleSystems":true},"in2DMode":false,"pivot":{"x":-1.9170656204223633,"y":0.0,"z":-0.19925689697265626},"rotation":{"x":-0.03619411587715149,"y":0.7339024543762207,"z":-0.03922531008720398,"w":-0.6771547794342041},"size":8.651595115661621,"orthographic":true}