{"cameraMode":{"drawMode":0,"name":"Shaded","section":"Shading Mode"},"sceneLighting":false,"audioPlay":false,"sceneViewState":{"showFog":true,"showMaterialUpdate":true,"showSkybox":true,"showFlares":true,"showImageEffects":true,"showParticleSystems":true},"in2DMode":false,"pivot":{"x":2.5324344635009767,"y":7.978295803070068,"z":16.155452728271486},"rotation":{"x":0.047890860587358478,"y":-0.061390455812215808,"z":0.002949007321149111,"w":0.9969598650932312},"size":46.57832717895508,"orthographic":false}